bank_id,asset,exposure
AT001,commercial.real.estate_AT,11802430678
AT001,commercial.real.estate_CZ,2387017415.2999997
AT001,commercial.real.estate_DE,417769884.23
AT001,commercial.real.estate_FR,2320000
AT001,commercial.real.estate_GB,13809940.98
AT001,commercial.real.estate_HU,667314384.77
AT001,commercial.real.estate_IE,755677.7825999999
AT001,commercial.real.estate_IT,104067124.73
AT001,commercial.real.estate_NL,37532306.771000005
AT001,commercial.real.estate_PL,213629192.3
AT001,commercial.real.estate_R5,2788176376.1685
AT001,commercial.real.estate_RO,2913937692.3999996
AT001,commercial.real.estate_SI,295493775.42
AT001,commercial.real.estate_SK,580108373.75
AT001,commercial.real.estate_US,3637177.3978999997
AT001,ill.asset,37566767656.3165
AT001,residential.mortgage_AT,19680306398
AT001,residential.mortgage_CZ,4811575118
AT001,residential.mortgage_DE,630780229.01
AT001,residential.mortgage_ES,1972070.8310999998
AT001,residential.mortgage_FR,6826598.5786999995
AT001,residential.mortgage_GB,24318643.835
AT001,residential.mortgage_GR,1078179.0774
AT001,residential.mortgage_HU,3551637009.6
AT001,residential.mortgage_IE,3549989.777
AT001,residential.mortgage_IT,57076796.699
AT001,residential.mortgage_NL,21129602.443
AT001,residential.mortgage_PL,1426497.5934
AT001,residential.mortgage_PT,338822.5294
AT001,residential.mortgage_R5,2867236169.2180004
AT001,residential.mortgage_RO,1931779307.8
AT001,residential.mortgage_SI,353293301.52
AT001,residential.mortgage_SK,2708217145.2
AT001,residential.mortgage_US,10458120.288
AT002,commercial.real.estate_A1,230205261
AT002,commercial.real.estate_AT,311514672
AT002,commercial.real.estate_BG,137950262
AT002,commercial.real.estate_CY,1978528
AT002,commercial.real.estate_CZ,278488045
AT002,commercial.real.estate_DE,7162698
AT002,commercial.real.estate_E3,79079375
AT002,commercial.real.estate_E5,1231844734
AT002,commercial.real.estate_FR,57565101
AT002,commercial.real.estate_GB,80061714
AT002,commercial.real.estate_HU,124319124
AT002,commercial.real.estate_IT,1715867
AT002,commercial.real.estate_LU,5465153
AT002,commercial.real.estate_PL,374898792
AT002,commercial.real.estate_R5,977221
AT002,commercial.real.estate_RO,53860679
AT002,commercial.real.estate_SI,696966
AT002,commercial.real.estate_SK,547196249
AT002,ill.asset,14483703608.6593
AT002,residential.mortgage_BG,453183896
AT002,residential.mortgage_CZ,2364092177
AT002,residential.mortgage_E5,2318240731
AT002,residential.mortgage_HU,1513150181
AT002,residential.mortgage_PL,513390476.00000006
AT002,residential.mortgage_RO,1138497636
AT002,residential.mortgage_SI,108925606
AT002,residential.mortgage_SK,1727708386
AT003,commercial.real.estate_AT,478313748.7572
AT003,commercial.real.estate_CZ,193035687.94189999
AT003,commercial.real.estate_DE,153580290.23250002
AT003,commercial.real.estate_GB,7265018.2878
AT003,commercial.real.estate_HU,106836045.8733
AT003,commercial.real.estate_MT,36427158.4479
AT003,commercial.real.estate_NL,2878500.24
AT003,commercial.real.estate_PL,22195732.1849
AT003,commercial.real.estate_R5,47484874.132599995
AT003,commercial.real.estate_RO,120512201.2665
AT003,commercial.real.estate_SI,57177530.085
AT003,commercial.real.estate_SK,34450887.2687
AT003,ill.asset,9784570349.6854
AT003,residential.mortgage_AT,63619694.456
AT003,residential.mortgage_BE,49519483.4861
AT003,residential.mortgage_CY,63000000
AT003,residential.mortgage_CZ,70864296.4848
AT003,residential.mortgage_DE,64236002.5782
AT003,residential.mortgage_ES,85488185.0024
AT003,residential.mortgage_FR,103191305.8376
AT003,residential.mortgage_GB,70635056.5618
AT003,residential.mortgage_GR,72000000
AT003,residential.mortgage_HU,70405404.6909
AT003,residential.mortgage_IE,86462966.9224
AT003,residential.mortgage_IT,71263823.0596
AT003,residential.mortgage_LU,83000000
AT003,residential.mortgage_MT,54782706.942700006
AT003,residential.mortgage_NL,94000000
AT003,residential.mortgage_NO,102413270.6063
AT003,residential.mortgage_PL,81000000
AT003,residential.mortgage_R5,284124474.0463
AT003,residential.mortgage_RO,80388368.3769
AT003,residential.mortgage_SE,144342457.37129998
AT003,residential.mortgage_SI,94235940.1198
AT003,residential.mortgage_SK,57095125.9949
AT003,residential.mortgage_US,221473.185
BE004,commercial.real.estate_BE,58019545.14
BE004,commercial.real.estate_DE,7792248.75
BE004,commercial.real.estate_FR,133622574.17
BE004,commercial.real.estate_LU,743240911.72
BE004,commercial.real.estate_R5,71294141.26
BE004,commercial.real.estate_US,324925215.28999996
BE004,ill.asset,27245074313.900097
BE004,residential.mortgage_AT,903903.5800000001
BE004,residential.mortgage_BE,21350246378.11
BE004,residential.mortgage_DE,45235768.25
BE004,residential.mortgage_E5,822126709.46
BE004,residential.mortgage_ES,3289189.7
BE004,residential.mortgage_FR,133691713.52999999
BE004,residential.mortgage_GB,27584279.45
BE004,residential.mortgage_GR,1522315.65
BE004,residential.mortgage_IT,8108540.39
BE004,residential.mortgage_JP,1000111.9700000001
BE004,residential.mortgage_LU,1509066226.4
BE004,residential.mortgage_PL,2058925.8099999998
BE004,residential.mortgage_PT,3708712.0300000003
BE004,residential.mortgage_R5,199622991.2
BE004,residential.mortgage_US,10855507.21
BE005,commercial.real.estate_A1,43967340
BE005,commercial.real.estate_BE,5403008750
BE005,commercial.real.estate_DE,102188210
BE005,commercial.real.estate_ES,3203330
BE005,commercial.real.estate_FR,74526000
BE005,commercial.real.estate_GB,158785050
BE005,commercial.real.estate_HU,675000
BE005,commercial.real.estate_IE,893458670
BE005,commercial.real.estate_IT,5000000
BE005,commercial.real.estate_LU,50872180
BE005,commercial.real.estate_NL,110062950
BE005,commercial.real.estate_R5,3274820
BE005,commercial.real.estate_RO,10854580
BE005,commercial.real.estate_SK,11854330
BE005,commercial.real.estate_US,298057460
BE005,ill.asset,30782927868.599903
BE005,residential.mortgage_BE,32820835120.000004
BE005,residential.mortgage_BG,213091423.60999998
BE005,residential.mortgage_CZ,6481559430.01
BE005,residential.mortgage_DE,1611470
BE005,residential.mortgage_E5,945493477.16
BE005,residential.mortgage_ES,40710
BE005,residential.mortgage_FR,524700
BE005,residential.mortgage_GB,213280
BE005,residential.mortgage_HU,2661376773.5672
BE005,residential.mortgage_IE,11930474480
BE005,residential.mortgage_LU,22670
BE005,residential.mortgage_NL,698240
BE005,residential.mortgage_PL,4430917966.015301
BE005,residential.mortgage_R5,266500
BE005,residential.mortgage_SK,1210281140.13
CY006,commercial.real.estate_CY,638000000
CY006,commercial.real.estate_GR,1059000000
CY006,ill.asset,6717000000
CY006,residential.mortgage_CY,1748000000
CY006,residential.mortgage_GB,319000000
CY006,residential.mortgage_GR,2475000000
CY006,residential.mortgage_RO,48000000
CY007,commercial.real.estate_CY,3002000000
CY007,commercial.real.estate_E5,1018000000
CY007,commercial.real.estate_GR,801000000
CY007,commercial.real.estate_RO,10000000
CY007,ill.asset,8726000000
CY007,residential.mortgage_CY,2343000000
CY007,residential.mortgage_E5,108000000
CY007,residential.mortgage_GB,260000000
CY007,residential.mortgage_GR,1567000000
CY007,residential.mortgage_R5,417000000
CY007,residential.mortgage_RO,33000000
DE017,commercial.real.estate_A1,369705501.8542
DE017,commercial.real.estate_AT,87810112.5467
DE017,commercial.real.estate_BE,57490543.0916
DE017,commercial.real.estate_DE,21304404604.4452
DE017,commercial.real.estate_ES,1347125129.9961
DE017,commercial.real.estate_FR,1216957503.7755
DE017,commercial.real.estate_GB,2302755338.6254997
DE017,commercial.real.estate_GR,60244509.27
DE017,commercial.real.estate_IE,249670792.5672
DE017,commercial.real.estate_IT,1141543654.3202
DE017,commercial.real.estate_JP,399591934.5667
DE017,commercial.real.estate_LU,2961318853.0257998
DE017,commercial.real.estate_NL,2809969001.0298
DE017,commercial.real.estate_NO,506347.49
DE017,commercial.real.estate_PL,2696841206.297
DE017,commercial.real.estate_PT,144184150.05400002
DE017,commercial.real.estate_R5,1173567901.6345
DE017,commercial.real.estate_US,9974907281.3169
DE017,ill.asset,73758216255.1454
DE017,residential.mortgage_A1,98015435.0072
DE017,residential.mortgage_AT,38679964.562
DE017,residential.mortgage_BE,54538926.0478
DE017,residential.mortgage_DE,104969667178.097
DE017,residential.mortgage_ES,7532220583.7337
DE017,residential.mortgage_FR,58565896.813599996
DE017,residential.mortgage_GB,219802225.7226
DE017,residential.mortgage_GR,2557298.39
DE017,residential.mortgage_IE,41568683.665
DE017,residential.mortgage_IT,6321671157.5736
DE017,residential.mortgage_JP,6425881.6354
DE017,residential.mortgage_LU,28896824.4162
DE017,residential.mortgage_M1,5934955.760000001
DE017,residential.mortgage_NL,73083172.305
DE017,residential.mortgage_NO,12974373.239
DE017,residential.mortgage_PL,922673697.2493
DE017,residential.mortgage_PT,1059562864.58
DE017,residential.mortgage_R5,177590543.706
DE017,residential.mortgage_US,76055952.4841
DE018,commercial.real.estate_A1,55900000
DE018,commercial.real.estate_AT,523000000
DE018,commercial.real.estate_BE,636300000
DE018,commercial.real.estate_DE,30704800000
DE018,commercial.real.estate_DK,52200000
DE018,commercial.real.estate_E3,884000000
DE018,commercial.real.estate_E5,2447300000
DE018,commercial.real.estate_ES,4999900000
DE018,commercial.real.estate_FR,4870000000
DE018,commercial.real.estate_GB,8521500000
DE018,commercial.real.estate_GR,204400000
DE018,commercial.real.estate_HU,641000000
DE018,commercial.real.estate_IT,2980800000
DE018,commercial.real.estate_JP,772200000
DE018,commercial.real.estate_LU,531299999.99999994
DE018,commercial.real.estate_M1,427300000
DE018,commercial.real.estate_NL,1318000000
DE018,commercial.real.estate_PL,1568200000
DE018,commercial.real.estate_PT,2471600000
DE018,commercial.real.estate_R5,1792500000
DE018,commercial.real.estate_SE,365100000
DE018,commercial.real.estate_US,4940500000
DE018,ill.asset,51314000000
DE018,residential.mortgage_A1,8900000
DE018,residential.mortgage_AT,19500000
DE018,residential.mortgage_BE,23000000
DE018,residential.mortgage_DE,47367000000
DE018,residential.mortgage_DK,4200000
DE018,residential.mortgage_E3,89200000
DE018,residential.mortgage_E5,55300000
DE018,residential.mortgage_ES,12500000
DE018,residential.mortgage_FR,18300000
DE018,residential.mortgage_GB,54400000
DE018,residential.mortgage_GR,3400000
DE018,residential.mortgage_HU,3700000
DE018,residential.mortgage_IT,11600000
DE018,residential.mortgage_JP,700000
DE018,residential.mortgage_LU,26700000
DE018,residential.mortgage_M1,3500000
DE018,residential.mortgage_NL,45900000
DE018,residential.mortgage_NO,2500000
DE018,residential.mortgage_PL,3073700000
DE018,residential.mortgage_PT,1500000
DE018,residential.mortgage_R5,47800000
DE018,residential.mortgage_SE,4400000
DE018,residential.mortgage_US,38300000
DE019,commercial.real.estate_A1,31000000
DE019,commercial.real.estate_AT,93000000
DE019,commercial.real.estate_BE,107000000
DE019,commercial.real.estate_DE,12704000000
DE019,commercial.real.estate_DK,16000000
DE019,commercial.real.estate_ES,32000000
DE019,commercial.real.estate_FR,551000000
DE019,commercial.real.estate_GB,224000000
DE019,commercial.real.estate_IT,14000000
DE019,commercial.real.estate_JP,138000000
DE019,commercial.real.estate_LU,692000000
DE019,commercial.real.estate_NL,647000000
DE019,commercial.real.estate_R5,1098000000
DE019,commercial.real.estate_SE,85000000
DE019,commercial.real.estate_US,5044000000
DE019,ill.asset,16313699999.999998
DE019,residential.mortgage_A1,6000000
DE019,residential.mortgage_AT,5000000
DE019,residential.mortgage_BE,1900000
DE019,residential.mortgage_DE,9927000000
DE019,residential.mortgage_DK,800000
DE019,residential.mortgage_ES,3300000
DE019,residential.mortgage_FR,24000000
DE019,residential.mortgage_GB,9200000
DE019,residential.mortgage_GR,200000
DE019,residential.mortgage_IE,700000
DE019,residential.mortgage_IT,3200000
DE019,residential.mortgage_JP,200000
DE019,residential.mortgage_LU,800000
DE019,residential.mortgage_NL,1100000
DE019,residential.mortgage_NO,400000
DE019,residential.mortgage_PT,700000
DE019,residential.mortgage_R5,48400000
DE019,residential.mortgage_SE,800000
DE019,residential.mortgage_US,17700000
DE020,commercial.real.estate_AT,1000000
DE020,commercial.real.estate_DE,9999000000
DE020,commercial.real.estate_ES,14000000
DE020,commercial.real.estate_FR,786000000
DE020,commercial.real.estate_GB,715000000
DE020,commercial.real.estate_IE,6000000
DE020,commercial.real.estate_IT,5000000
DE020,commercial.real.estate_LU,557000000
DE020,commercial.real.estate_NO,9000000
DE020,commercial.real.estate_R5,1311000000
DE020,commercial.real.estate_US,1238000000
DE020,ill.asset,16998863000.000002
DE020,residential.mortgage_A1,3000000
DE020,residential.mortgage_AT,8000000
DE020,residential.mortgage_DE,33499000000
DE020,residential.mortgage_ES,87000000
DE020,residential.mortgage_FR,27000000
DE020,residential.mortgage_GB,2000000
DE020,residential.mortgage_IE,1000000
DE020,residential.mortgage_NL,4000000
DE020,residential.mortgage_NO,1000000
DE020,residential.mortgage_R5,55000000
DE020,residential.mortgage_US,3000000
DE021,commercial.real.estate_A1,134000000
DE021,commercial.real.estate_AT,24000000
DE021,commercial.real.estate_BE,182000000
DE021,commercial.real.estate_BG,21000000
DE021,commercial.real.estate_CY,8000000
DE021,commercial.real.estate_CZ,33000000
DE021,commercial.real.estate_DE,5107000000
DE021,commercial.real.estate_DK,30000000
DE021,commercial.real.estate_E3,607829773.4348
DE021,commercial.real.estate_E5,86000000
DE021,commercial.real.estate_ES,222000000
DE021,commercial.real.estate_FI,31000000
DE021,commercial.real.estate_FR,367000000
DE021,commercial.real.estate_GB,692000000
DE021,commercial.real.estate_GR,7000000
DE021,commercial.real.estate_HU,166000000
DE021,commercial.real.estate_IE,41000000
DE021,commercial.real.estate_IS,24170226.448200002
DE021,commercial.real.estate_IT,196000000
DE021,commercial.real.estate_JP,6000000
DE021,commercial.real.estate_LU,214000000
DE021,commercial.real.estate_M1,215000000
DE021,commercial.real.estate_MT,1000000
DE021,commercial.real.estate_NL,338000000
DE021,commercial.real.estate_NO,7000000
DE021,commercial.real.estate_PL,19000000
DE021,commercial.real.estate_PT,21000000
DE021,commercial.real.estate_RO,19000000
DE021,commercial.real.estate_SE,15000000
DE021,commercial.real.estate_SI,14000000
DE021,commercial.real.estate_SK,13000000
DE021,commercial.real.estate_US,954000000
DE021,ill.asset,14345294647.2
DE021,residential.mortgage_A1,2000000
DE021,residential.mortgage_AT,2000000
DE021,residential.mortgage_BE,2000000
DE021,residential.mortgage_BG,203000000
DE021,residential.mortgage_CZ,7000000
DE021,residential.mortgage_DE,15513000000
DE021,residential.mortgage_DK,1000000
DE021,residential.mortgage_E3,29999998.289
DE021,residential.mortgage_ES,2000000
DE021,residential.mortgage_GB,6000000
DE021,residential.mortgage_GR,1000000
DE021,residential.mortgage_HU,1777000000
DE021,residential.mortgage_IT,1000000
DE021,residential.mortgage_LV,6000000
DE021,residential.mortgage_M1,22000000
DE021,residential.mortgage_NL,17000000
DE021,residential.mortgage_PL,1000000
DE021,residential.mortgage_RO,180000000
DE021,residential.mortgage_SK,6000000
DE021,residential.mortgage_US,4000000
DE022,commercial.real.estate_A1,21008403.36
DE022,commercial.real.estate_AT,14260202.82
DE022,commercial.real.estate_BE,16569573.590000002
DE022,commercial.real.estate_DE,6896411534.34
DE022,commercial.real.estate_DK,11981775.11
DE022,commercial.real.estate_E3,14744027.55
DE022,commercial.real.estate_E5,154793043.96
DE022,commercial.real.estate_ES,430262793.07
DE022,commercial.real.estate_FR,735030424.71
DE022,commercial.real.estate_GB,1226800368.6
DE022,commercial.real.estate_HU,554051.26
DE022,commercial.real.estate_IE,21281510.14
DE022,commercial.real.estate_LU,557605159.87
DE022,commercial.real.estate_NL,1050473739.69
DE022,commercial.real.estate_PL,48353103.97
DE022,commercial.real.estate_R5,199345.36
DE022,commercial.real.estate_SE,5353789.04
DE022,commercial.real.estate_US,3180839346.3900003
DE022,ill.asset,4563700120.65
DE023,commercial.real.estate_AT,175141002.74
DE023,commercial.real.estate_BE,37110445.68
DE023,commercial.real.estate_CY,2233689.7399999998
DE023,commercial.real.estate_CZ,290856622.09
DE023,commercial.real.estate_DE,13687997750.46
DE023,commercial.real.estate_DK,58339467.01
DE023,commercial.real.estate_E3,261738147.36
DE023,commercial.real.estate_E5,37296718.830000006
DE023,commercial.real.estate_ES,402431531
DE023,commercial.real.estate_FI,278528623.05
DE023,commercial.real.estate_FR,2576932334.51
DE023,commercial.real.estate_GB,1936100933.37
DE023,commercial.real.estate_HU,414310858.1
DE023,commercial.real.estate_IT,513268865.75000006
DE023,commercial.real.estate_JP,1309336915.9199998
DE023,commercial.real.estate_LU,128492502.94000001
DE023,commercial.real.estate_NL,523621686.62
DE023,commercial.real.estate_NO,84530563.81
DE023,commercial.real.estate_PL,1047883334.0000001
DE023,commercial.real.estate_PT,78234486.14
DE023,commercial.real.estate_R5,2635016.36
DE023,commercial.real.estate_RO,299511469.21
DE023,commercial.real.estate_SE,1471918811.97
DE023,commercial.real.estate_SI,81412648.35
DE023,commercial.real.estate_SK,32736152.03
DE023,commercial.real.estate_US,1496.8200000000002
DE023,ill.asset,1350677442.7752
DE024,commercial.real.estate_A1,302129967.27
DE024,commercial.real.estate_AT,87300706.88000001
DE024,commercial.real.estate_BE,191372812.34
DE024,commercial.real.estate_CZ,121335879.28
DE024,commercial.real.estate_DE,6051969673.97
DE024,commercial.real.estate_DK,54509210.68
DE024,commercial.real.estate_E5,54883936.03
DE024,commercial.real.estate_ES,812356310.93
DE024,commercial.real.estate_FI,32614443.710000005
DE024,commercial.real.estate_FR,1087880443.69
DE024,commercial.real.estate_GB,441784784.10999995
DE024,commercial.real.estate_HU,157118866.75
DE024,commercial.real.estate_IT,340936292
DE024,commercial.real.estate_JP,609614789.5200001
DE024,commercial.real.estate_LU,654636074.98
DE024,commercial.real.estate_M1,100022451.74
DE024,commercial.real.estate_NL,507894845.68
DE024,commercial.real.estate_PL,766912550.24
DE024,commercial.real.estate_PT,30383724
DE024,commercial.real.estate_R5,725234495.3399999
DE024,commercial.real.estate_RO,94868025.9
DE024,commercial.real.estate_SE,196181928.73000002
DE024,commercial.real.estate_US,2540094710.23
DE024,ill.asset,2586149832.83
DE024,residential.mortgage_DE,24238836.75
DE024,residential.mortgage_E5,282639.89
DE024,residential.mortgage_FR,84055.63
DE024,residential.mortgage_HU,45906.27
DE024,residential.mortgage_R5,8390.82
DE024,residential.mortgage_US,67979.25
DE025,commercial.real.estate_BE,12798353
DE025,commercial.real.estate_DE,1966462778.02
DE025,commercial.real.estate_DK,59195816.26
DE025,commercial.real.estate_EE,2055551.62
DE025,commercial.real.estate_FI,108718636.64999999
DE025,commercial.real.estate_FR,340501920.56
DE025,commercial.real.estate_GB,357937917
DE025,commercial.real.estate_IE,358416.13
DE025,commercial.real.estate_IT,35871966.67
DE025,commercial.real.estate_LU,130134913.43
DE025,commercial.real.estate_NL,131230917.55999999
DE025,commercial.real.estate_NO,8156158.209999999
DE025,commercial.real.estate_R5,112308458.03
DE025,commercial.real.estate_SE,249069674.9
DE025,commercial.real.estate_US,211356546.49
DE025,ill.asset,5078436814.34
DE025,residential.mortgage_DE,58884124.67
DE025,residential.mortgage_FR,81238.59999999999
DE025,residential.mortgage_IT,6855.87
DE025,residential.mortgage_M1,6622.96
DE025,residential.mortgage_R5,158383.09
DE025,residential.mortgage_US,12785.88
DE027,commercial.real.estate_A1,516499.99999999994
DE027,commercial.real.estate_CY,2245000
DE027,commercial.real.estate_DE,6659680899.099999
DE027,commercial.real.estate_DK,159028030.37
DE027,commercial.real.estate_FR,5000000
DE027,commercial.real.estate_GB,5679393.75
DE027,commercial.real.estate_HU,40823590.379999995
DE027,commercial.real.estate_IE,9840286.219999999
DE027,commercial.real.estate_LU,372198022.32
DE027,commercial.real.estate_NL,576052092.8199999
DE027,commercial.real.estate_NO,3792857.14
DE027,commercial.real.estate_R5,28440371.19
DE027,commercial.real.estate_SE,145082.48
DE027,commercial.real.estate_US,8436563.31
DE027,ill.asset,9516992340.0508
DE027,residential.mortgage_A1,2061982.5899999999
DE027,residential.mortgage_AT,157722.11
DE027,residential.mortgage_BE,346201.26
DE027,residential.mortgage_CY,728571.43
DE027,residential.mortgage_CZ,156890.38
DE027,residential.mortgage_DE,6330094215.8
DE027,residential.mortgage_DK,21613743.27
DE027,residential.mortgage_E3,391942.86
DE027,residential.mortgage_ES,14878340.709999999
DE027,residential.mortgage_FR,2030365.6
DE027,residential.mortgage_GB,19293457.400000002
DE027,residential.mortgage_GR,1356488.71
DE027,residential.mortgage_HU,8094549.79
DE027,residential.mortgage_IE,11711920.55
DE027,residential.mortgage_IT,1050376.2999999998
DE027,residential.mortgage_JP,172996.55
DE027,residential.mortgage_LU,155294120.92999998
DE027,residential.mortgage_M1,976566.81
DE027,residential.mortgage_NL,208191822.07
DE027,residential.mortgage_NO,42349.21
DE027,residential.mortgage_PL,153013.02
DE027,residential.mortgage_R5,23251872.43
DE027,residential.mortgage_SE,1200832.32
DE027,residential.mortgage_US,17345651.01
DE028,commercial.real.estate_DE,211000000
DE028,commercial.real.estate_FR,182000000
DE028,commercial.real.estate_GB,552000000
DE028,commercial.real.estate_LU,50000000
DE028,ill.asset,624644336.8947
DE029,commercial.real.estate_DE,2386382858.4843
DE029,commercial.real.estate_FR,38694501.1175
DE029,commercial.real.estate_GB,176657.4735
DE029,commercial.real.estate_LU,83702318.6803
DE029,commercial.real.estate_NL,75483275.1038
DE029,commercial.real.estate_R5,9560389.1407
DE029,ill.asset,708995555.8392
DE029,residential.mortgage_AT,298771.8602
DE029,residential.mortgage_DE,6505474518.6995
DE029,residential.mortgage_ES,1039885.4946
DE029,residential.mortgage_FR,439763.53130000003
DE029,residential.mortgage_GB,5121382.2379
DE029,residential.mortgage_IT,349376.799
DE029,residential.mortgage_LU,330866.768
DE029,residential.mortgage_NL,3108512.819
DE029,residential.mortgage_R5,14485525.0965
DE029,residential.mortgage_US,1351396.694
DK008,commercial.real.estate_DE,75837772.0131
DK008,commercial.real.estate_DK,30714297958.3023
DK008,commercial.real.estate_E5,2917012.7267
DK008,commercial.real.estate_FI,857725545.7534
DK008,commercial.real.estate_FR,3097397.7449999996
DK008,commercial.real.estate_GB,274440470.4196
DK008,commercial.real.estate_IE,2012306524.8068001
DK008,commercial.real.estate_LU,1431040.5895
DK008,commercial.real.estate_NO,4589276773.958
DK008,commercial.real.estate_R5,156515708.56890002
DK008,commercial.real.estate_SE,7957370998.942101
DK008,commercial.real.estate_US,29782796.1746
DK008,ill.asset,35533000000.0002
DK008,residential.mortgage_DE,55006713.2835
DK008,residential.mortgage_DK,72305139293.3355
DK008,residential.mortgage_E5,62567418.3408
DK008,residential.mortgage_FI,9289148540.5343
DK008,residential.mortgage_FR,78283188.4553
DK008,residential.mortgage_GB,1830393260.0253
DK008,residential.mortgage_IE,2662117687.9723997
DK008,residential.mortgage_LU,29740679.0243
DK008,residential.mortgage_NO,8956113829.199999
DK008,residential.mortgage_R5,1305447269.5083
DK008,residential.mortgage_SE,6615693908.7377
DK008,residential.mortgage_US,88348211.5826
DK009,commercial.real.estate_DE,8118080.000000001
DK009,commercial.real.estate_DK,881065665.0374
DK009,commercial.real.estate_GB,28.3
DK009,commercial.real.estate_NO,13555740
DK009,commercial.real.estate_R5,40260486.6626
DK009,ill.asset,6105000000.000296
DK009,residential.mortgage_DE,16091261.271899998
DK009,residential.mortgage_DK,2400370804.5160003
DK009,residential.mortgage_FR,130655745.1452
DK009,residential.mortgage_GB,42193696.2742
DK009,residential.mortgage_GR,27820.6292
DK009,residential.mortgage_NL,5125753.8311
DK009,residential.mortgage_NO,6888337.0269
DK009,residential.mortgage_PL,773583.7674
DK009,residential.mortgage_R5,307362196.02199996
DK009,residential.mortgage_SE,5747022.5854
DK009,residential.mortgage_US,4763778.9307
DK010,commercial.real.estate_DE,18000000
DK010,commercial.real.estate_DK,605000000
DK010,commercial.real.estate_R5,5000000
DK010,ill.asset,3713000000
DK010,residential.mortgage_DE,6000000
DK010,residential.mortgage_DK,2075000000
DK010,residential.mortgage_R5,24000000
DK011,commercial.real.estate_DE,1063000000
DK011,commercial.real.estate_DK,39918000000
DK011,commercial.real.estate_FI,186000000
DK011,commercial.real.estate_GB,440000000
DK011,commercial.real.estate_NO,198000000
DK011,commercial.real.estate_SE,1553000000
DK011,ill.asset,2955000000
DK011,residential.mortgage_DE,12000000
DK011,residential.mortgage_DK,88502000000
DK011,residential.mortgage_ES,396000000
DK011,residential.mortgage_FR,486000000
ES059,commercial.real.estate_ES,9437084354.8677
ES059,commercial.real.estate_GB,4090618646.5292
ES059,commercial.real.estate_M1,7881751319.9818
ES059,commercial.real.estate_PT,342288948
ES059,commercial.real.estate_R5,451677349
ES059,commercial.real.estate_US,8365835978.069799
ES059,ill.asset,181085595453.97562
ES059,residential.mortgage_ES,73259594073.23
ES059,residential.mortgage_GB,197619789915.771
ES059,residential.mortgage_M1,15665126089.2976
ES059,residential.mortgage_PT,16731083845.000002
ES059,residential.mortgage_R5,1189755117.238
ES059,residential.mortgage_US,18439184410.4873
ES060,commercial.real.estate_ES,7990993450.413
ES060,commercial.real.estate_M1,848390000
ES060,commercial.real.estate_PT,278252000
ES060,commercial.real.estate_US,1540344000
ES060,ill.asset,52962693121.775
ES060,residential.mortgage_ES,74553192549.58699
ES060,residential.mortgage_M1,15123812000
ES060,residential.mortgage_PT,2567270000
ES060,residential.mortgage_US,7497414000
ES061,commercial.real.estate_ES,3038737113.0782
ES061,ill.asset,42262024326.4975
ES061,residential.mortgage_ES,84783261128.0016
ES062,commercial.real.estate_ES,4052489509.45
ES062,ill.asset,31081106241.7101
ES062,residential.mortgage_ES,92240307601.4
ES063,commercial.real.estate_ES,3580199776.5299997
ES063,ill.asset,4858835621.664999
ES063,residential.mortgage_ES,16481290525.831999
ES064,commercial.real.estate_ES,12045000000
ES064,commercial.real.estate_PT,506000000
ES064,commercial.real.estate_R5,206000000
ES064,ill.asset,16926000000
ES064,residential.mortgage_ES,21171000000
ES064,residential.mortgage_PT,1350000000
ES064,residential.mortgage_R5,292000000
ES065,commercial.real.estate_ES,3417087337.4560003
ES065,commercial.real.estate_R5,762789157.3537
ES065,ill.asset,15640877014.7646
ES065,residential.mortgage_ES,15637919143.1896
ES065,residential.mortgage_R5,433897268.6125
ES066,commercial.real.estate_ES,3863111146.809
ES066,ill.asset,6490313979.7439995
ES066,residential.mortgage_ES,26601406860.018
ES067,commercial.real.estate_ES,5148000000
ES067,ill.asset,14321581877.559998
ES067,residential.mortgage_ES,17903400000
ES068,commercial.real.estate_ES,7334063689.24
ES068,ill.asset,9613251802.899
ES068,residential.mortgage_ES,23305803421.356
ES069,commercial.real.estate_ES,325024425.7
ES069,ill.asset,3578134051.9077
ES069,residential.mortgage_ES,18282970400.78
ES070,commercial.real.estate_ES,1920018558.75
ES070,ill.asset,6516394693.192001
ES070,residential.mortgage_ES,11896656470.686
ES071,commercial.real.estate_ES,6127650284.235
ES071,ill.asset,12517871039.404
ES071,residential.mortgage_ES,22023139291.3759
ES072,commercial.real.estate_ES,2357929821.175
ES072,ill.asset,5225919104.189099
ES072,residential.mortgage_ES,21024872510.1801
ES073,commercial.real.estate_ES,2531071569.245
ES073,ill.asset,4955381536.935301
ES073,residential.mortgage_ES,11384882208.7256
ES074,commercial.real.estate_ES,1421000000
ES074,ill.asset,3788000000
ES074,residential.mortgage_ES,6472000000
ES074,residential.mortgage_R5,81000000
ES075,commercial.real.estate_ES,1158500000
ES075,ill.asset,8996400000.000002
ES075,residential.mortgage_ES,19476000000
ES076,commercial.real.estate_ES,2022500000
ES076,ill.asset,3605899999.9999995
ES076,residential.mortgage_ES,10166800000
ES077,commercial.real.estate_ES,1099500000
ES077,ill.asset,2428600000.0000005
ES077,residential.mortgage_ES,10395000000
ES078,commercial.real.estate_ES,1782104058.835
ES078,ill.asset,3551925411.7289996
ES078,residential.mortgage_ES,5108076882.466
ES079,commercial.real.estate_ES,613000000
ES079,ill.asset,3626000000
ES079,residential.mortgage_ES,1292000000
ES079,residential.mortgage_R5,218000000
ES080,commercial.real.estate_ES,470500000
ES080,ill.asset,1189100000
ES080,residential.mortgage_ES,3162200000
ES081,commercial.real.estate_ES,97500000
ES081,ill.asset,205000000.00000006
ES081,residential.mortgage_ES,411200000
ES082,commercial.real.estate_ES,68000000
ES082,ill.asset,80000000.00000001
ES082,residential.mortgage_ES,119100000
ES083,commercial.real.estate_ES,8202241275.0899
ES083,ill.asset,9743220075.889599
ES083,residential.mortgage_ES,19769993133.8175
FI012,ill.asset,12044665670
FI012,residential.mortgage_FI,27142000000
FR013,commercial.real.estate_A1,1262576665
FR013,commercial.real.estate_AT,75000
FR013,commercial.real.estate_BE,7772222656
FR013,commercial.real.estate_BG,381695
FR013,commercial.real.estate_CY,260671
FR013,commercial.real.estate_CZ,3176860
FR013,commercial.real.estate_DE,51456560
FR013,commercial.real.estate_E3,307035475
FR013,commercial.real.estate_E5,43072760
FR013,commercial.real.estate_ES,908213435
FR013,commercial.real.estate_FR,13571661472
FR013,commercial.real.estate_GB,1761795261
FR013,commercial.real.estate_GR,40812397
FR013,commercial.real.estate_HU,5056392
FR013,commercial.real.estate_IE,8982798
FR013,commercial.real.estate_IT,5369244717
FR013,commercial.real.estate_JP,224000
FR013,commercial.real.estate_LI,2667361
FR013,commercial.real.estate_LU,1410663731
FR013,commercial.real.estate_M1,12862192
FR013,commercial.real.estate_NL,232640334
FR013,commercial.real.estate_NO,21281413
FR013,commercial.real.estate_PL,296451868
FR013,commercial.real.estate_PT,49035950
FR013,commercial.real.estate_R5,1422635265
FR013,commercial.real.estate_SE,18038597
FR013,commercial.real.estate_US,5202105394
FR013,ill.asset,185994339830
FR013,residential.mortgage_A1,8376362
FR013,residential.mortgage_BE,26353251842
FR013,residential.mortgage_CZ,124937
FR013,residential.mortgage_DE,2625352
FR013,residential.mortgage_E3,481328632
FR013,residential.mortgage_E5,2682678
FR013,residential.mortgage_ES,4343072517
FR013,residential.mortgage_FR,83789359906.99991
FR013,residential.mortgage_GB,99722608
FR013,residential.mortgage_GR,4854954
FR013,residential.mortgage_HU,60070
FR013,residential.mortgage_IE,1242426
FR013,residential.mortgage_IS,98468
FR013,residential.mortgage_IT,21619349397
FR013,residential.mortgage_JP,858948
FR013,residential.mortgage_LU,2847108364
FR013,residential.mortgage_M1,2199590
FR013,residential.mortgage_NL,10056718375
FR013,residential.mortgage_NO,2026998793
FR013,residential.mortgage_PL,1091024078
FR013,residential.mortgage_PT,4808
FR013,residential.mortgage_R5,5443409
FR013,residential.mortgage_RO,348591
FR013,residential.mortgage_SE,288792
FR013,residential.mortgage_US,11731691653
FR014,commercial.real.estate_BE,144000000
FR014,commercial.real.estate_BG,9570000
FR014,commercial.real.estate_CZ,206000000
FR014,commercial.real.estate_DE,123000000
FR014,commercial.real.estate_E3,415518533.54
FR014,commercial.real.estate_ES,920000000
FR014,commercial.real.estate_FR,11104544528
FR014,commercial.real.estate_GB,565000000
FR014,commercial.real.estate_GR,531330000.00000006
FR014,commercial.real.estate_HU,69000000
FR014,commercial.real.estate_IT,2773426124.6433997
FR014,commercial.real.estate_JP,1275116511.42
FR014,commercial.real.estate_LU,10000000
FR014,commercial.real.estate_NL,23000000
FR014,commercial.real.estate_PL,29000000
FR014,commercial.real.estate_RO,84690000
FR014,commercial.real.estate_SE,23000000
FR014,commercial.real.estate_SK,81000000
FR014,commercial.real.estate_US,795000000
FR014,ill.asset,289148352123.7381
FR014,residential.mortgage_A1,926502180.7
FR014,residential.mortgage_BE,513235000
FR014,residential.mortgage_BG,57360156.699999996
FR014,residential.mortgage_CY,233003000
FR014,residential.mortgage_E3,2629376259.1
FR014,residential.mortgage_E5,115778344.6
FR014,residential.mortgage_ES,630210999.9499999
FR014,residential.mortgage_FR,189378430584
FR014,residential.mortgage_GR,3944502000
FR014,residential.mortgage_IT,8810450000
FR014,residential.mortgage_M1,54894046
FR014,residential.mortgage_PL,549034154.8
FR014,residential.mortgage_RO,36353585.4
FR015,commercial.real.estate_A1,402947.8434
FR015,commercial.real.estate_AT,475579.6278
FR015,commercial.real.estate_BE,53736340.672
FR015,commercial.real.estate_CY,117552.803
FR015,commercial.real.estate_CZ,79408.2359
FR015,commercial.real.estate_DE,490611908.0482
FR015,commercial.real.estate_DK,22427177.0102
FR015,commercial.real.estate_E3,239587270.2293
FR015,commercial.real.estate_E5,3122248.8030000003
FR015,commercial.real.estate_EE,362.7236
FR015,commercial.real.estate_ES,551787821.5869
FR015,commercial.real.estate_FI,13734883.5162
FR015,commercial.real.estate_FR,13798287282.282999
FR015,commercial.real.estate_GB,612467231.0633
FR015,commercial.real.estate_GR,199.6049
FR015,commercial.real.estate_HU,106798.3224
FR015,commercial.real.estate_IE,92421.0629
FR015,commercial.real.estate_IS,30.3656201457084
FR015,commercial.real.estate_IT,1271406886.2282
FR015,commercial.real.estate_JP,2558.0807
FR015,commercial.real.estate_LI,53.2438271048037
FR015,commercial.real.estate_LU,290399995.77930003
FR015,commercial.real.estate_M1,464529.29850000003
FR015,commercial.real.estate_MT,319191.4057
FR015,commercial.real.estate_NL,134833605.9018
FR015,commercial.real.estate_NO,893610.3441999999
FR015,commercial.real.estate_PL,17322622.773
FR015,commercial.real.estate_PT,28481455.571000002
FR015,commercial.real.estate_R5,1871913.032
FR015,commercial.real.estate_SI,213394.0093
FR015,commercial.real.estate_SK,0.178271742538405
FR015,commercial.real.estate_US,735630410.4544001
FR015,ill.asset,162651135748.161
FR015,residential.mortgage_A1,20095720.369999997
FR015,residential.mortgage_BE,656455569.5
FR015,residential.mortgage_BG,459870
FR015,residential.mortgage_DE,2430448.1980000003
FR015,residential.mortgage_DK,175196
FR015,residential.mortgage_E3,4443298.0807
FR015,residential.mortgage_E5,10234207.124
FR015,residential.mortgage_ES,217424724
FR015,residential.mortgage_FI,19175
FR015,residential.mortgage_FR,142242733963.788
FR015,residential.mortgage_GB,28661417.2471
FR015,residential.mortgage_IE,461750
FR015,residential.mortgage_IT,70215270.7142
FR015,residential.mortgage_JP,32627.999999999996
FR015,residential.mortgage_LU,265433578.29939997
FR015,residential.mortgage_M1,300098
FR015,residential.mortgage_NL,1003456.2000000001
FR015,residential.mortgage_PL,1166753
FR015,residential.mortgage_PT,64017103.71599999
FR015,residential.mortgage_R5,8412060.6955
FR015,residential.mortgage_RO,1410055
FR015,residential.mortgage_SE,227205
FR015,residential.mortgage_SK,74518
FR015,residential.mortgage_US,1247410
FR016,commercial.real.estate_A1,93194397
FR016,commercial.real.estate_CZ,11440249
FR016,commercial.real.estate_DE,498216971
FR016,commercial.real.estate_E3,89770615
FR016,commercial.real.estate_E5,270261020
FR016,commercial.real.estate_ES,320872120
FR016,commercial.real.estate_FR,3259664548
FR016,commercial.real.estate_GB,182071314
FR016,commercial.real.estate_IT,299482815
FR016,commercial.real.estate_R5,302992912
FR016,commercial.real.estate_US,171982322
FR016,ill.asset,104623518335
FR016,residential.mortgage_A1,1137037148
FR016,residential.mortgage_CZ,5382352001
FR016,residential.mortgage_DE,28778526
FR016,residential.mortgage_E3,245343949
FR016,residential.mortgage_E5,2768655062
FR016,residential.mortgage_ES,10131
FR016,residential.mortgage_FR,70691317668
FR016,residential.mortgage_GB,386289386
FR016,residential.mortgage_GR,740193158
FR016,residential.mortgage_R5,2057894682
FR016,residential.mortgage_US,153043190
GB088,commercial.real.estate_A1,103818500
GB088,commercial.real.estate_AT,2333000
GB088,commercial.real.estate_BE,276460500
GB088,commercial.real.estate_BG,1166500
GB088,commercial.real.estate_CY,136480500
GB088,commercial.real.estate_CZ,47826500
GB088,commercial.real.estate_DE,3346688500
GB088,commercial.real.estate_DK,17497500
GB088,commercial.real.estate_E3,3724634500
GB088,commercial.real.estate_E5,24496500
GB088,commercial.real.estate_ES,2295672000
GB088,commercial.real.estate_FI,116650000
GB088,commercial.real.estate_FR,1816240500
GB088,commercial.real.estate_GB,50770746000
GB088,commercial.real.estate_GR,3499500
GB088,commercial.real.estate_IE,5978312500
GB088,commercial.real.estate_IT,594915000
GB088,commercial.real.estate_JP,568085500
GB088,commercial.real.estate_LI,1166500
GB088,commercial.real.estate_LU,2245512500
GB088,commercial.real.estate_M1,3499500
GB088,commercial.real.estate_NL,1531614500
GB088,commercial.real.estate_NO,106151500
GB088,commercial.real.estate_PL,65324000
GB088,commercial.real.estate_PT,20997000
GB088,commercial.real.estate_R5,1055682499.9999999
GB088,commercial.real.estate_RO,5832500
GB088,commercial.real.estate_SE,306789500
GB088,commercial.real.estate_US,9167523500
GB088,ill.asset,127548432000
GB088,residential.mortgage_A1,75822500
GB088,residential.mortgage_AT,1166500
GB088,residential.mortgage_BE,12831500
GB088,residential.mortgage_BG,2333000
GB088,residential.mortgage_CY,10498500
GB088,residential.mortgage_CZ,1166500
GB088,residential.mortgage_DE,135314000
GB088,residential.mortgage_DK,5832500
GB088,residential.mortgage_E3,2065871500.0000002
GB088,residential.mortgage_E5,46660000
GB088,residential.mortgage_ES,387278000
GB088,residential.mortgage_FI,1166500
GB088,residential.mortgage_FR,54825500
GB088,residential.mortgage_GB,124063107500
GB088,residential.mortgage_GR,8165500
GB088,residential.mortgage_HU,1166500
GB088,residential.mortgage_IE,19396562000
GB088,residential.mortgage_IS,1166500
GB088,residential.mortgage_IT,17497500
GB088,residential.mortgage_JP,11665000
GB088,residential.mortgage_LI,1166500
GB088,residential.mortgage_LU,2333000
GB088,residential.mortgage_M1,4666000
GB088,residential.mortgage_MT,3499500
GB088,residential.mortgage_NL,17497500
GB088,residential.mortgage_PL,2333000
GB088,residential.mortgage_PT,4666000
GB088,residential.mortgage_R5,130648000
GB088,residential.mortgage_RO,191306000
GB088,residential.mortgage_SE,4666000
GB088,residential.mortgage_US,28931533000
GB089,commercial.real.estate_A1,38251705057.0381
GB089,commercial.real.estate_CZ,7905698.7756
GB089,commercial.real.estate_DE,141262724.438
GB089,commercial.real.estate_E5,244623346.7472
GB089,commercial.real.estate_ES,452435836.9994
GB089,commercial.real.estate_FR,8947416152.3396
GB089,commercial.real.estate_GB,15144080884.617
GB089,commercial.real.estate_GR,62635796.3371
GB089,commercial.real.estate_JP,738253499.6419001
GB089,commercial.real.estate_M1,2348595051.2615
GB089,commercial.real.estate_MT,262262408.8297
GB089,commercial.real.estate_R5,10510969741.1122
GB089,commercial.real.estate_US,8605962464.6562
GB089,ill.asset,214845961297.37558
GB089,residential.mortgage_A1,52651482844.3983
GB089,residential.mortgage_FR,2914496871.2169003
GB089,residential.mortgage_GB,86173764663.0744
GB089,residential.mortgage_R5,18726757501.971798
GB089,residential.mortgage_US,51377451751.23489
GB090,commercial.real.estate_A1,193464490
GB090,commercial.real.estate_AT,53289620
GB090,commercial.real.estate_BE,76459020
GB090,commercial.real.estate_DE,2511562960
GB090,commercial.real.estate_DK,90360660
GB090,commercial.real.estate_E3,11467842.8257
GB090,commercial.real.estate_ES,1473686527.1341
GB090,commercial.real.estate_FI,8109290
GB090,commercial.real.estate_FR,423459029.24670005
GB090,commercial.real.estate_GB,12028018832.2964
GB090,commercial.real.estate_IE,79934430
GB090,commercial.real.estate_IT,160892635.2771
GB090,commercial.real.estate_JP,267606569.99999997
GB090,commercial.real.estate_LU,53289620
GB090,commercial.real.estate_M1,749999.9887999999
GB090,commercial.real.estate_NL,215475420
GB090,commercial.real.estate_PT,456714183.9785
GB090,commercial.real.estate_R5,5328456671.8036
GB090,commercial.real.estate_SE,536371610.00000006
GB090,commercial.real.estate_US,3486994700
GB090,ill.asset,125903268561.83719
GB090,residential.mortgage_A1,179959431.3287
GB090,residential.mortgage_CY,45424721.7588
GB090,residential.mortgage_E3,89798358.5469
GB090,residential.mortgage_ES,18196640486.5187
GB090,residential.mortgage_FR,3819027237.6821
GB090,residential.mortgage_GB,131873370493.10402
GB090,residential.mortgage_IT,15587444908.7523
GB090,residential.mortgage_LU,62928585.0396
GB090,residential.mortgage_M1,162528672.5613
GB090,residential.mortgage_MT,40376421.2215
GB090,residential.mortgage_PT,4024395557.4396
GB090,residential.mortgage_R5,36883463174.963104
GB090,residential.mortgage_US,29807279.337
GB091,commercial.real.estate_GB,47869988497.53091
GB091,commercial.real.estate_R5,8344940343.596
GB091,commercial.real.estate_US,23235550.3921
GB091,ill.asset,144334264927.87268
GB091,residential.mortgage_GB,423319259840.019
GB091,residential.mortgage_R5,19281960026.3769
GR030,commercial.real.estate_BG,373946635.2828
GR030,commercial.real.estate_CY,59616600
GR030,commercial.real.estate_E5,550292825.3786999
GR030,commercial.real.estate_GR,3650085943.27
GR030,commercial.real.estate_PL,362820827.5532
GR030,commercial.real.estate_RO,507022279.8357
GR030,ill.asset,20314288632.2869
GR030,residential.mortgage_BG,808185650.1229999
GR030,residential.mortgage_CY,9932000
GR030,residential.mortgage_E5,355328900
GR030,residential.mortgage_GR,9682860712.218
GR030,residential.mortgage_PL,3468776000
GR030,residential.mortgage_RO,769699101.1500001
GR031,commercial.real.estate_BG,601544690.7839999
GR031,commercial.real.estate_CY,18519948.563
GR031,commercial.real.estate_E5,1531247767.111
GR031,commercial.real.estate_GB,15167871.824000001
GR031,commercial.real.estate_GR,2062411212.032
GR031,commercial.real.estate_R5,3686775.284
GR031,commercial.real.estate_RO,294088508.869
GR031,ill.asset,20804091710.144398
GR031,residential.mortgage_BG,379163098.2617
GR031,residential.mortgage_CY,41954534.232
GR031,residential.mortgage_E5,2817247248.65
GR031,residential.mortgage_GR,19120261000
GR031,residential.mortgage_MT,10343723.280000001
GR031,residential.mortgage_R5,16384090.270000001
GR031,residential.mortgage_RO,709305819.97
GR032,commercial.real.estate_BG,82900000
GR032,commercial.real.estate_CY,27900000
GR032,commercial.real.estate_E5,15900000
GR032,commercial.real.estate_GB,230500000
GR032,commercial.real.estate_GR,2206000000
GR032,ill.asset,17035123000
GR032,residential.mortgage_BG,140300000
GR032,residential.mortgage_CY,1842100000
GR032,residential.mortgage_E5,75400000
GR032,residential.mortgage_GB,85600000
GR032,residential.mortgage_GR,6711000000
GR032,residential.mortgage_RO,348200000
GR033,commercial.real.estate_BE,47212.09
GR033,commercial.real.estate_BG,545000000
GR033,commercial.real.estate_CY,15316043.219999999
GR033,commercial.real.estate_GB,657545.71
GR033,commercial.real.estate_GR,4290000000
GR033,commercial.real.estate_IE,120455.8
GR033,commercial.real.estate_IT,6980.89
GR033,commercial.real.estate_PT,66931.06999999999
GR033,commercial.real.estate_R5,12109509.67
GR033,commercial.real.estate_RO,13652321.44
GR033,commercial.real.estate_US,216552991.54
GR033,ill.asset,6433644339.1013
GR033,residential.mortgage_A1,1681220.3299999998
GR033,residential.mortgage_AT,12280.130000000001
GR033,residential.mortgage_BE,198391.49
GR033,residential.mortgage_BG,233022745.42000002
GR033,residential.mortgage_CY,119390131.67
GR033,residential.mortgage_DE,3809252.0300000003
GR033,residential.mortgage_DK,719644.83
GR033,residential.mortgage_E3,6519125.47
GR033,residential.mortgage_E5,170516639.85999998
GR033,residential.mortgage_EE,147356.93
GR033,residential.mortgage_ES,484763.12
GR033,residential.mortgage_FI,70175.67
GR033,residential.mortgage_GB,61385491.440000005
GR033,residential.mortgage_GR,5836992194.26
GR033,residential.mortgage_IE,4107517.66
GR033,residential.mortgage_IT,1376428.75
GR033,residential.mortgage_LU,45399.02
GR033,residential.mortgage_M1,7589931.67
GR033,residential.mortgage_NL,1172049.56
GR033,residential.mortgage_NO,1183397.01
GR033,residential.mortgage_R5,17629394.39
GR033,residential.mortgage_RO,340742797.06
GR033,residential.mortgage_SE,600131.3
GR033,residential.mortgage_SI,2.35
GR033,residential.mortgage_SK,25351.03
GR033,residential.mortgage_US,63990892.940000005
GR034,commercial.real.estate_CY,200000
GR034,commercial.real.estate_DE,500000
GR034,commercial.real.estate_GB,100000
GR034,commercial.real.estate_GR,1181000000
GR034,commercial.real.estate_R5,500000
GR034,commercial.real.estate_RO,143500000
GR034,commercial.real.estate_US,200000
GR034,ill.asset,6015000000
GR034,residential.mortgage_BE,400000
GR034,residential.mortgage_CY,400000
GR034,residential.mortgage_DE,31500000
GR034,residential.mortgage_FR,400000
GR034,residential.mortgage_GB,1100000
GR034,residential.mortgage_GR,5895500000
GR034,residential.mortgage_IT,300000
GR034,residential.mortgage_R5,3000000
GR034,residential.mortgage_RO,32700000.000000004
GR034,residential.mortgage_US,2800000
GR035,commercial.real.estate_GR,21000000
GR035,ill.asset,2287000000
GR035,residential.mortgage_GR,4525000000
HU036,ill.asset,9717676212.643501
HU036,residential.mortgage_BG,1190698800.1583
HU036,residential.mortgage_E5,1208231756.158
HU036,residential.mortgage_HU,5827574689.3721
HU036,residential.mortgage_R5,70483.4395
HU036,residential.mortgage_RO,675754259.7168
HU036,residential.mortgage_SK,362729484.8728
IE037,commercial.real.estate_BE,125333.14000000001
IE037,commercial.real.estate_DE,46329315.876
IE037,commercial.real.estate_DK,5762012
IE037,commercial.real.estate_ES,388958727.82
IE037,commercial.real.estate_FI,6370710.84
IE037,commercial.real.estate_FR,257829254.61500004
IE037,commercial.real.estate_GB,6705614545.7556
IE037,commercial.real.estate_IE,9737301870.942099
IE037,commercial.real.estate_LU,48273971.08400001
IE037,commercial.real.estate_M1,6043258.1764
IE037,commercial.real.estate_NL,9023175.3
IE037,commercial.real.estate_PL,90890408.03999999
IE037,commercial.real.estate_R5,179485263.0757
IE037,commercial.real.estate_US,1095516781.9262002
IE037,ill.asset,38693187385.1493
IE037,residential.mortgage_GB,3463196062.6197
IE037,residential.mortgage_IE,24794077142.156998
IE037,residential.mortgage_M1,3002836.2095999997
IE037,residential.mortgage_US,8457473.6197
IE038,commercial.real.estate_BE,170013074.14
IE038,commercial.real.estate_DE,141735142.6
IE038,commercial.real.estate_DK,3995019.71
IE038,commercial.real.estate_ES,52259520.5
IE038,commercial.real.estate_FR,346646405.75
IE038,commercial.real.estate_GB,11021530561.67
IE038,commercial.real.estate_HU,636711.59
IE038,commercial.real.estate_IE,6258501627.02
IE038,commercial.real.estate_NL,62555402.66
IE038,commercial.real.estate_PL,9259956.860000001
IE038,commercial.real.estate_R5,168390048.51000002
IE038,commercial.real.estate_SE,51522150.99
IE038,commercial.real.estate_US,1290173210.78
IE038,ill.asset,19137985456.535
IE038,residential.mortgage_GB,29447052061.91
IE038,residential.mortgage_IE,24979216293.66
IE039,commercial.real.estate_GB,439000000
IE039,commercial.real.estate_IE,1273000000
IE039,ill.asset,5309000000
IE039,residential.mortgage_GB,7212000000
IE039,residential.mortgage_IE,24193000000
IT040,commercial.real.estate_BE,160138.99000000002
IT040,commercial.real.estate_DE,210628.59
IT040,commercial.real.estate_E5,1637746.545
IT040,commercial.real.estate_GB,14473949.03
IT040,commercial.real.estate_HU,893081051.3471999
IT040,commercial.real.estate_IT,26822648984.603397
IT040,commercial.real.estate_M1,433082.34
IT040,commercial.real.estate_NL,59664.420000000006
IT040,commercial.real.estate_NO,14702.3
IT040,commercial.real.estate_PT,9421.97
IT040,commercial.real.estate_R5,56969998.353
IT040,commercial.real.estate_US,397718.58
IT040,ill.asset,83435202016.3808
IT040,residential.mortgage_A1,1280338.91
IT040,residential.mortgage_AT,340792.20999999996
IT040,residential.mortgage_BE,1595900.3599999999
IT040,residential.mortgage_CZ,274439.57
IT040,residential.mortgage_DE,5974313.93
IT040,residential.mortgage_DK,1449864.3499999999
IT040,residential.mortgage_E5,1848844050.8383
IT040,residential.mortgage_EE,85890.67
IT040,residential.mortgage_ES,2193797.6300000004
IT040,residential.mortgage_FI,167761.29
IT040,residential.mortgage_FR,5830058.47
IT040,residential.mortgage_GB,25328780.174999997
IT040,residential.mortgage_HU,1862066569.5593
IT040,residential.mortgage_IE,3059101.16
IT040,residential.mortgage_IT,59923707195.3484
IT040,residential.mortgage_JP,35778.4
IT040,residential.mortgage_LU,1269220.8499999999
IT040,residential.mortgage_M1,6843531.25
IT040,residential.mortgage_MT,590022.89
IT040,residential.mortgage_NL,6968185.45
IT040,residential.mortgage_NO,1438988.29
IT040,residential.mortgage_PL,1020418.2399999999
IT040,residential.mortgage_R5,85722875.2239
IT040,residential.mortgage_RO,45500000
IT040,residential.mortgage_SE,262112.47999999998
IT040,residential.mortgage_SI,283000000
IT040,residential.mortgage_SK,2678732297.25
IT040,residential.mortgage_US,11865820.06
IT041,commercial.real.estate_AT,3174216160.32
IT041,commercial.real.estate_DE,15792520581.32
IT041,commercial.real.estate_E5,102341632.37
IT041,commercial.real.estate_IT,20836599633.8496
IT041,commercial.real.estate_R5,7270496342.8
IT041,ill.asset,149598395103.1007
IT041,residential.mortgage_AT,11092511866.2702
IT041,residential.mortgage_DE,20126301409.619797
IT041,residential.mortgage_E5,2622200287.56
IT041,residential.mortgage_IT,61717110073.3191
IT041,residential.mortgage_R5,11992720745.98
IT042,commercial.real.estate_IT,20483016566.1333
IT042,ill.asset,41630689758.777
IT042,residential.mortgage_IT,43850035936.0913
IT043,commercial.real.estate_IT,16060951927.66
IT043,commercial.real.estate_R5,970890.27
IT043,ill.asset,29021258918.0149
IT043,residential.mortgage_IT,15858091056.17
IT043,residential.mortgage_R5,82265551.07000001
IT044,commercial.real.estate_IT,14349241051.83
IT044,commercial.real.estate_R5,37388609.940000005
IT044,ill.asset,26209482984.627
IT044,residential.mortgage_IT,22929636606.63
IT044,residential.mortgage_R5,147475645.60999998
LU045,commercial.real.estate_DE,3793000
LU045,commercial.real.estate_LU,758873000
LU045,ill.asset,2252929000
LU045,residential.mortgage_LU,7938905000
MT046,commercial.real.estate_MT,188000000
MT046,ill.asset,1836000000
MT046,residential.mortgage_MT,1013000000
NL047,commercial.real.estate_BE,629923225.52
NL047,commercial.real.estate_DE,890132101.68
NL047,commercial.real.estate_E3,2521047225.41
NL047,commercial.real.estate_E5,120000000
NL047,commercial.real.estate_M1,1000000.9999999999
NL047,commercial.real.estate_NL,17912962099.280003
NL047,commercial.real.estate_R5,10470206897.640001
NL047,commercial.real.estate_US,4460202271.53
NL047,ill.asset,56159097371.16
NL047,residential.mortgage_A1,806844498.57
NL047,residential.mortgage_BE,25200323676.61
NL047,residential.mortgage_DE,53180824391.17
NL047,residential.mortgage_E3,53205157217.44
NL047,residential.mortgage_E5,1063728637.36
NL047,residential.mortgage_M1,6735567.54
NL047,residential.mortgage_NL,142006550869.84
NL047,residential.mortgage_R5,20779475760.54
NL047,residential.mortgage_US,28453984210.47
NL048,commercial.real.estate_A1,298648572.66
NL048,commercial.real.estate_AT,5774146.96
NL048,commercial.real.estate_BE,171853911.5895
NL048,commercial.real.estate_DE,388566874.9547
NL048,commercial.real.estate_DK,37016620.529999994
NL048,commercial.real.estate_FR,836875.6000000001
NL048,commercial.real.estate_GB,5653286.45
NL048,commercial.real.estate_IE,952878616.9247
NL048,commercial.real.estate_M1,201804277.34
NL048,commercial.real.estate_NL,29025560379.8938
NL048,commercial.real.estate_R5,412183991.68
NL048,commercial.real.estate_US,1847769777.1299999
NL048,ill.asset,77235550583.0921
NL048,residential.mortgage_DE,2184142
NL048,residential.mortgage_FR,15.56
NL048,residential.mortgage_IE,2005279449.79
NL048,residential.mortgage_IT,21223.28
NL048,residential.mortgage_M1,610389081.3000001
NL048,residential.mortgage_NL,197170398501.932
NL048,residential.mortgage_R5,1338017882.33
NL048,residential.mortgage_US,1243829796.2563
NL049,commercial.real.estate_NL,2297809211.8298
NL049,ill.asset,44451639497.878
NL049,residential.mortgage_NL,113717541765.23799
NL050,commercial.real.estate_BE,79899447
NL050,commercial.real.estate_DE,560791806
NL050,commercial.real.estate_DK,39734065
NL050,commercial.real.estate_ES,90203856
NL050,commercial.real.estate_FR,226260157
NL050,commercial.real.estate_GB,102785763
NL050,commercial.real.estate_IT,108549472
NL050,commercial.real.estate_LU,185109694
NL050,commercial.real.estate_NL,7700114018
NL050,commercial.real.estate_R5,142214577
NL050,commercial.real.estate_US,176481977
NL050,ill.asset,6317422623.8345
NL050,residential.mortgage_NL,48745791581.9589
NO051,commercial.real.estate_NO,21267282123.8256
NO051,commercial.real.estate_R5,3396360598.4269004
NO051,ill.asset,17103583881.378101
NO051,residential.mortgage_NO,66037261642.676895
NO051,residential.mortgage_R5,1792932104.9846
PL052,commercial.real.estate_PL,1522202953.1371
PL052,ill.asset,12637870341.903564
PL052,residential.mortgage_AT,353281.94299999997
PL052,residential.mortgage_BE,747900.3818999999
PL052,residential.mortgage_DE,2338035.5351
PL052,residential.mortgage_E3,440671.3264
PL052,residential.mortgage_E5,432871.126
PL052,residential.mortgage_ES,50994.2837
PL052,residential.mortgage_FR,358815.67089999997
PL052,residential.mortgage_GB,39498460.0996
PL052,residential.mortgage_IE,1464097.6989000002
PL052,residential.mortgage_IT,578555.7945000001
PL052,residential.mortgage_LU,80641.8689
PL052,residential.mortgage_NL,146866.06720000002
PL052,residential.mortgage_NO,481831.7871
PL052,residential.mortgage_PL,13757036761.7013
PL052,residential.mortgage_R5,50654015.7364
PL052,residential.mortgage_SE,402255.0801
PL052,residential.mortgage_US,393330.59640000004
PT053,commercial.real.estate_BE,151741.17
PT053,commercial.real.estate_E5,23028.010000000002
PT053,commercial.real.estate_ES,50650575.519999996
PT053,commercial.real.estate_FR,1762674.36
PT053,commercial.real.estate_GB,564322.48
PT053,commercial.real.estate_LU,45513.71
PT053,commercial.real.estate_M1,567769.7200000001
PT053,commercial.real.estate_NL,440607.64
PT053,commercial.real.estate_NO,89671.98
PT053,commercial.real.estate_PT,1749223181.694
PT053,commercial.real.estate_R5,97472985.6966
PT053,commercial.real.estate_SE,115018.28
PT053,commercial.real.estate_US,47110579.2556
PT053,ill.asset,14222319310.5219
PT053,residential.mortgage_A1,431407178.7026
PT053,residential.mortgage_AT,564592.63
PT053,residential.mortgage_BE,35398932.652
PT053,residential.mortgage_BG,68250
PT053,residential.mortgage_CY,182276.36
PT053,residential.mortgage_CZ,403844.3
PT053,residential.mortgage_DE,38407303.122999996
PT053,residential.mortgage_DK,669056.16
PT053,residential.mortgage_E5,1185079.57
PT053,residential.mortgage_EE,54118.600000000006
PT053,residential.mortgage_ES,1412584055.2168999
PT053,residential.mortgage_FI,141538.49
PT053,residential.mortgage_FR,1195321779.447
PT053,residential.mortgage_GB,80251743.257
PT053,residential.mortgage_GR,74477.51
PT053,residential.mortgage_HU,183750
PT053,residential.mortgage_IE,2933598.8400000003
PT053,residential.mortgage_IT,3633418.52
PT053,residential.mortgage_JP,470725.01
PT053,residential.mortgage_LT,108550.53000000001
PT053,residential.mortgage_LU,197693725.902
PT053,residential.mortgage_LV,940984.75
PT053,residential.mortgage_M1,21756076.697
PT053,residential.mortgage_MT,143387.99
PT053,residential.mortgage_NL,7931200.63
PT053,residential.mortgage_NO,774990.63
PT053,residential.mortgage_PL,618329.79
PT053,residential.mortgage_PT,29088600780.1185
PT053,residential.mortgage_R5,430293540.2924
PT053,residential.mortgage_RO,714946.39
PT053,residential.mortgage_SE,791000.72
PT053,residential.mortgage_SI,37321.2
PT053,residential.mortgage_US,21052652.155
PT054,commercial.real.estate_A1,1191468
PT054,commercial.real.estate_BE,50734
PT054,commercial.real.estate_CY,303790
PT054,commercial.real.estate_DE,387871
PT054,commercial.real.estate_E3,4059710
PT054,commercial.real.estate_ES,79029953
PT054,commercial.real.estate_FR,1664057
PT054,commercial.real.estate_GB,4832511
PT054,commercial.real.estate_GR,521844582.99999994
PT054,commercial.real.estate_LU,151807
PT054,commercial.real.estate_M1,407771
PT054,commercial.real.estate_NL,31519200
PT054,commercial.real.estate_PL,487945480
PT054,commercial.real.estate_PT,6227174725
PT054,commercial.real.estate_R5,1280052
PT054,commercial.real.estate_RO,17211662
PT054,commercial.real.estate_US,4637267
PT054,ill.asset,15598989265
PT054,residential.mortgage_A1,15427089
PT054,residential.mortgage_AT,523945
PT054,residential.mortgage_BE,16367335
PT054,residential.mortgage_BG,161469
PT054,residential.mortgage_CY,442670
PT054,residential.mortgage_CZ,675450
PT054,residential.mortgage_DE,59924313
PT054,residential.mortgage_DK,2036245
PT054,residential.mortgage_E3,303225483
PT054,residential.mortgage_E5,9442832
PT054,residential.mortgage_EE,96318
PT054,residential.mortgage_ES,25817510
PT054,residential.mortgage_FI,556582
PT054,residential.mortgage_FR,213471296
PT054,residential.mortgage_GB,206271847
PT054,residential.mortgage_GR,1734610909
PT054,residential.mortgage_HU,277840
PT054,residential.mortgage_IE,54533362
PT054,residential.mortgage_IS,169202
PT054,residential.mortgage_IT,5511921
PT054,residential.mortgage_JP,491123
PT054,residential.mortgage_LI,1670953
PT054,residential.mortgage_LT,1186225
PT054,residential.mortgage_LU,47496646
PT054,residential.mortgage_M1,14808912
PT054,residential.mortgage_NL,13480884
PT054,residential.mortgage_NO,5509193
PT054,residential.mortgage_PL,5986997660
PT054,residential.mortgage_PT,20516688872
PT054,residential.mortgage_R5,233201399
PT054,residential.mortgage_RO,102091964
PT054,residential.mortgage_SE,1870006
PT054,residential.mortgage_SK,491233
PT054,residential.mortgage_US,173386513
PT055,commercial.real.estate_A1,12063945.78
PT055,commercial.real.estate_ES,433147871.13
PT055,commercial.real.estate_FR,268926925.6312
PT055,commercial.real.estate_GB,2876032.81
PT055,commercial.real.estate_PT,5204171995.84
PT055,commercial.real.estate_R5,5119421.11
PT055,commercial.real.estate_US,55928360.8
PT055,ill.asset,9522461963.5125
PT055,residential.mortgage_A1,1720090.91
PT055,residential.mortgage_ES,431977696.27000004
PT055,residential.mortgage_FR,1092249.45
PT055,residential.mortgage_GB,7145940.699999999
PT055,residential.mortgage_PT,10305832825.43
PT055,residential.mortgage_R5,8420568.65
PT055,residential.mortgage_US,33727632.66
PT056,commercial.real.estate_A1,51826.63
PT056,commercial.real.estate_BE,114581.48999999999
PT056,commercial.real.estate_DE,469533.07
PT056,commercial.real.estate_ES,3257605.94
PT056,commercial.real.estate_FR,2709260.6199999996
PT056,commercial.real.estate_GB,354101.07
PT056,commercial.real.estate_IE,154275.8
PT056,commercial.real.estate_LU,358259.05000000005
PT056,commercial.real.estate_M1,355851.32
PT056,commercial.real.estate_PT,1095681992.7044
PT056,commercial.real.estate_R5,4359307.2117
PT056,commercial.real.estate_US,1016043.5607
PT056,ill.asset,4477743557.7019
PT056,residential.mortgage_PT,12274830696.7857
SE084,commercial.real.estate_DE,9667574.26
SE084,commercial.real.estate_DK,10817877997.862501
SE084,commercial.real.estate_E5,946332.06
SE084,commercial.real.estate_EE,75135.09999999999
SE084,commercial.real.estate_ES,3332344.72
SE084,commercial.real.estate_FI,4021172085.5325003
SE084,commercial.real.estate_FR,659409.17
SE084,commercial.real.estate_IE,2059462.3699999999
SE084,commercial.real.estate_LV,809782.56
SE084,commercial.real.estate_NL,181058.74
SE084,commercial.real.estate_NO,4015772885.0925
SE084,commercial.real.estate_PL,30064.11
SE084,commercial.real.estate_R5,3150067973.93
SE084,commercial.real.estate_SE,5786950838.1025
SE084,commercial.real.estate_US,812106.51
SE084,ill.asset,54523494474.6254
SE084,residential.mortgage_DK,33578721833.172
SE084,residential.mortgage_FI,23541120832.842
SE084,residential.mortgage_NO,22130338020.711998
SE084,residential.mortgage_SE,33550343318.822002
SE085,commercial.real.estate_A1,3065091.6169000003
SE085,commercial.real.estate_DE,5841188881.322101
SE085,commercial.real.estate_DK,83633214.1179
SE085,commercial.real.estate_E3,125449821.1768
SE085,commercial.real.estate_EE,587402914.8646001
SE085,commercial.real.estate_FI,909018599.5221
SE085,commercial.real.estate_FR,2298818.7127
SE085,commercial.real.estate_GB,8429001.9464
SE085,commercial.real.estate_HU,10180482.8704
SE085,commercial.real.estate_LI,2189351.1549000004
SE085,commercial.real.estate_LT,850343988.5703
SE085,commercial.real.estate_LU,24192330.2618
SE085,commercial.real.estate_LV,436885022.964
SE085,commercial.real.estate_NL,150080021.6697
SE085,commercial.real.estate_NO,928722759.9164001
SE085,commercial.real.estate_PL,29994110.8224
SE085,commercial.real.estate_R5,201529773.8102
SE085,commercial.real.estate_SE,10241784702.708
SE085,commercial.real.estate_US,95565177.9122
SE085,ill.asset,10658446691.065102
SE085,residential.mortgage_A1,32073823.4157
SE085,residential.mortgage_AT,875735.7929
SE085,residential.mortgage_BE,7443754.2398
SE085,residential.mortgage_CY,547334.8706
SE085,residential.mortgage_CZ,875735.7929
SE085,residential.mortgage_DE,17843116.7808
SE085,residential.mortgage_DK,14011772.686700001
SE085,residential.mortgage_E3,33059026.1827
SE085,residential.mortgage_E5,6677485.421
SE085,residential.mortgage_EE,1500135413.2725
SE085,residential.mortgage_ES,5035480.8093
SE085,residential.mortgage_FI,9085758.851499999
SE085,residential.mortgage_FR,19922989.2889
SE085,residential.mortgage_GB,170987413.5677
SE085,residential.mortgage_GR,437867.89650000003
SE085,residential.mortgage_HU,328400.92230000003
SE085,residential.mortgage_IE,9085758.851499999
SE085,residential.mortgage_IS,328400.92230000003
SE085,residential.mortgage_IT,5254414.7575
SE085,residential.mortgage_JP,2408273.4305
SE085,residential.mortgage_LI,109466.9741
SE085,residential.mortgage_LT,1912059636.8675
SE085,residential.mortgage_LU,4050278.0423000003
SE085,residential.mortgage_LV,755103187.4456
SE085,residential.mortgage_M1,8428957.0069
SE085,residential.mortgage_MT,1751471.5858
SE085,residential.mortgage_NL,3284009.2235
SE085,residential.mortgage_NO,623961752.4556999
SE085,residential.mortgage_PL,328400.92230000003
SE085,residential.mortgage_PT,766268.8188
SE085,residential.mortgage_R5,2079872.5081999998
SE085,residential.mortgage_SE,31095298134.093
SE085,residential.mortgage_SI,109466.9741
SE085,residential.mortgage_US,44662525.4389
SE086,commercial.real.estate_DE,168502096.8381
SE086,commercial.real.estate_DK,621972774.4128001
SE086,commercial.real.estate_FI,1696192467.7703
SE086,commercial.real.estate_FR,302266458.2901
SE086,commercial.real.estate_GB,4303090542.8088
SE086,commercial.real.estate_NL,637415412.7377
SE086,commercial.real.estate_NO,5198514087.7345
SE086,commercial.real.estate_R5,626452386.6117
SE086,commercial.real.estate_SE,21742844402.1261
SE086,commercial.real.estate_US,4000000
SE086,ill.asset,14470949643.7621
SE086,residential.mortgage_DE,1808190.5081
SE086,residential.mortgage_DK,1829185555.3447
SE086,residential.mortgage_FI,2709906064.841
SE086,residential.mortgage_FR,23319576.028699998
SE086,residential.mortgage_GB,1001132831.2978
SE086,residential.mortgage_NL,23522136.3588
SE086,residential.mortgage_NO,6207851103.023601
SE086,residential.mortgage_R5,115397610.6843
SE086,residential.mortgage_SE,57537285515.450905
SE086,residential.mortgage_US,1456655.4013
SE087,commercial.real.estate_DK,2930499.4858
SE087,commercial.real.estate_E5,468036417.9481
SE087,commercial.real.estate_EE,1055126920.2284
SE087,commercial.real.estate_LT,629698823.4826
SE087,commercial.real.estate_LV,870442131.7832
SE087,commercial.real.estate_SE,12510307285.037498
SE087,ill.asset,24013360290.366898
SE087,residential.mortgage_DK,33156170.118699998
SE087,residential.mortgage_E5,302203863.2712
SE087,residential.mortgage_EE,2602190481.4803
SE087,residential.mortgage_LT,1509961449.7237
SE087,residential.mortgage_LU,18164270.553600002
SE087,residential.mortgage_LV,1505827625.5472
SE087,residential.mortgage_SE,63823056844.229805
SI057,commercial.real.estate_E3,81834.65400000001
SI057,ill.asset,6621002133.904144
SI057,residential.mortgage_A1,65451.240999999995
SI057,residential.mortgage_AT,20618.3911
SI057,residential.mortgage_BE,69338.4193
SI057,residential.mortgage_BG,479112.0675
SI057,residential.mortgage_CZ,159961.5367
SI057,residential.mortgage_DE,476117.9834
SI057,residential.mortgage_DK,36905.6735
SI057,residential.mortgage_E5,252380102.4461
SI057,residential.mortgage_ES,21962.2363
SI057,residential.mortgage_FR,67966.576
SI057,residential.mortgage_GB,24154.4627
SI057,residential.mortgage_GR,13356.7217
SI057,residential.mortgage_HU,4314.23
SI057,residential.mortgage_IE,398.84000000000003
SI057,residential.mortgage_IT,199769.00989999998
SI057,residential.mortgage_LV,54898.6079
SI057,residential.mortgage_M1,3366.1121000000003
SI057,residential.mortgage_PL,2493.3147999999997
SI057,residential.mortgage_PT,92.04
SI057,residential.mortgage_SE,44.9048332223299
SI057,residential.mortgage_SI,798342506.6886
SI057,residential.mortgage_SK,19291.9402
SI057,residential.mortgage_US,14805.306799999998
SI058,ill.asset,1759000000
SI058,residential.mortgage_SI,387000000
